ID,Type,SKU,Name,Published,Is featured?,Visibility in catalog,Short description,Description,Date sale price starts,Date sale price ends,Tax status,Tax class,In stock?,Stock,Backorders allowed?,Sold individually?,Weight (lbs),Length (in),Width (in),Height (in),Allow customer reviews?,Purchase note,Sale price,Regular price,Categories,Tags,Shipping class,Images,Download limit,Download expiry days,Parent,Grouped products,Upsells,Cross-sells,External URL,Button text,Position,Attribute 1 name,Attribute 1 value(s),Attribute 1 visible,Attribute 1 global,Attribute 2 name,Attribute 2 value(s),Attribute 2 visible,Attribute 2 global
1,variable,PP-TIRZ,Tirzepatide (Dual GIP / GLP-1 Receptor Agonist),1,1,visible,Highest analytical grade Tirzepatide dual GIP/GLP-1 agonist lyophilized sequence. #1 cited incretin mimetic research compound in North America. Purity: ≥99.4% (HPLC/MS).,<h3>Product Specification</h3><p><strong>Tirzepatide</strong> is a synthetic 39-amino-acid linear peptide engineered with C20 fatty diacid moiety that binds selectively to both human GIP and GLP-1 receptors.</p><ul><li><strong>CAS Number:</strong> 2023788-19-2</li><li><strong>Molecular Formula:</strong> C225H348N48O68</li><li><strong>Molecular Weight:</strong> 4813.45 g/mol</li><li><strong>Purity:</strong> ≥99.4% via Reverse-Phase HPLC</li><li><strong>Physical Appearance:</strong> Sterile white lyophilized powder</li><li><strong>Storage:</strong> -20°C non-frost-free</li></ul>,,,taxable,,1,95,0,0,0.25,3.0,1.5,1.5,1,Research order confirmed. Analytical HPLC/MS batch report and cold-chain tracking dispatched.,112.00,140.00,Metabolic & Incretin Research,"Tirzepatide, GIP, GLP-1, dual agonist, metabolic, glucose homeostasis, weight research",cold-chain-freight,"wp-content/themes/phoenics-theme/assets/images/products/tirzepatide-vial.svg, wp-content/themes/phoenics-theme/assets/images/products/tirzepatide-coa.svg, wp-content/themes/phoenics-theme/assets/images/products/tirzepatide-pack.svg",,,,,,,,,0,Size / Scale,"5mg, 10mg, 15mg, 30mg",1,1,Package Configuration,"1 Vial, 3 Vials (10% Off), 5 Vials (15% Off), 10 Vials Kit (25% Off)",1,1
2,variable,PP-RETA,Retatrutide (Triple GGG: GLP-1 / GIP / GCGR Agonist),1,1,visible,"Breakthrough triple-agonist peptide targeting GLP-1, GIP, and Glucagon receptors simultaneously. Leading next-generation metabolic research compound in the US and Canada. Purity: ≥99.3%.",<h3>Product Specification</h3><p><strong>Retatrutide</strong> is a single-peptide triple hormone receptor agonist designed to stimulate energy expenditure and potent lipid clearance.</p><ul><li><strong>CAS Number:</strong> 2381089-83-2</li><li><strong>Molecular Formula:</strong> C221H342N46O68</li><li><strong>Molecular Weight:</strong> 4731.33 g/mol</li><li><strong>Purity:</strong> ≥99.3% HPLC</li></ul>,,,taxable,,1,95,0,0,0.25,3.0,1.5,1.5,1,Research order confirmed. Analytical HPLC/MS batch report and cold-chain tracking dispatched.,139.00,175.00,Metabolic & Incretin Research,"Retatrutide, triple agonist, GGG, GLP-1, GIP, Glucagon, adipocyte lipolysis, thermogenesis",cold-chain-freight,"wp-content/themes/phoenics-theme/assets/images/products/retatrutide-vial.svg, wp-content/themes/phoenics-theme/assets/images/products/retatrutide-coa.svg, wp-content/themes/phoenics-theme/assets/images/products/retatrutide-pack.svg",,,,,,,,,0,Size / Scale,"5mg, 10mg, 15mg",1,1,Package Configuration,"1 Vial, 3 Vials (10% Off), 5 Vials (15% Off), 10 Vials Kit (25% Off)",1,1
3,variable,PP-SEMA,Semaglutide (Selective GLP-1 Receptor Agonist),1,1,visible,High-purity GLP-1 receptor agonist peptide functionalized with diacid spacer and albumin-binding C18 chain. Benchmark standard for metabolic signaling. Purity: ≥99.5%.,<h3>Product Specification</h3><p><strong>Semaglutide</strong> is a modified GLP-1 analog with Aib at position 8 and Arg at position 34.</p><ul><li><strong>CAS Number:</strong> 910463-68-2</li><li><strong>Molecular Formula:</strong> C187H291N45O59</li><li><strong>Molecular Weight:</strong> 4113.58 g/mol</li><li><strong>Purity:</strong> ≥99.5%</li></ul>,,,taxable,,1,95,0,0,0.25,3.0,1.5,1.5,1,Research order confirmed. Analytical HPLC/MS batch report and cold-chain tracking dispatched.,89.00,115.00,Metabolic & Incretin Research,"Semaglutide, GLP-1, incretin, insulin secretion, appetite pathways, satiety",cold-chain-freight,"wp-content/themes/phoenics-theme/assets/images/products/semaglutide-vial.svg, wp-content/themes/phoenics-theme/assets/images/products/semaglutide-coa.svg, wp-content/themes/phoenics-theme/assets/images/products/semaglutide-pack.svg",,,,,,,,,0,Size / Scale,"2mg, 5mg, 10mg",1,1,Package Configuration,"1 Vial, 3 Vials (10% Off), 5 Vials (15% Off), 10 Vials Kit (25% Off)",1,1
4,variable,PP-CAGRI,Cagrilintide (Long-Acting Amylin Analog),1,1,visible,Acylated dual amylin and calcitonin receptor agonist. Extensively investigated in combination with GLP-1 analogs for non-leptin satiety neuro-signaling. Purity: ≥99.2%.,<h3>Product Specification</h3><p><strong>Cagrilintide</strong> is a synthetic peptide analog of human amylin with extended plasma half-life.</p><ul><li><strong>CAS Number:</strong> 1415456-99-3</li><li><strong>Molecular Formula:</strong> C203H311N53O62S</li><li><strong>Molecular Weight:</strong> 4522.06 g/mol</li><li><strong>Purity:</strong> ≥99.2%</li></ul>,,,taxable,,1,95,0,0,0.25,3.0,1.5,1.5,1,Research order confirmed. Analytical HPLC/MS batch report and cold-chain tracking dispatched.,99.00,130.00,Metabolic & Incretin Research,"Cagrilintide, amylin, calcitonin receptor, dual synergy, satiety research",cold-chain-freight,"wp-content/themes/phoenics-theme/assets/images/products/cagrilintide-vial.svg, wp-content/themes/phoenics-theme/assets/images/products/cagrilintide-coa.svg, wp-content/themes/phoenics-theme/assets/images/products/cagrilintide-pack.svg",,,,,,,,,0,Size / Scale,"5mg, 10mg",1,1,Package Configuration,"1 Vial, 3 Vials (10% Off), 5 Vials (15% Off)",1,1
5,variable,PP-BPC157,BPC-157 (Body Protection Compound Pentadecapeptide),1,1,visible,"Ultra-pure lyophilized BPC-157. The benchmark sequence for cellular recovery, VEGF angiogenesis signaling, and extracellular matrix remodeling. Purity: ≥99.4%.",<h3>Product Specification</h3><p><strong>BPC-157</strong> is a 15-amino acid sequence derived from human gastric juice protein.</p><ul><li><strong>CAS Number:</strong> 137525-51-0</li><li><strong>Molecular Weight:</strong> 1419.5 g/mol</li><li><strong>Purity:</strong> ≥99.4%</li></ul>,,,taxable,,1,95,0,0,0.25,3.0,1.5,1.5,1,Research order confirmed. Analytical HPLC/MS batch report and cold-chain tracking dispatched.,39.00,52.00,Healing & Tissue Recovery,"BPC-157, pentadecapeptide, gastric peptide, angiogenesis, tendon healing, ligament repair",cold-chain-freight,"wp-content/themes/phoenics-theme/assets/images/products/bpc157-vial.svg, wp-content/themes/phoenics-theme/assets/images/products/bpc157-coa.svg, wp-content/themes/phoenics-theme/assets/images/products/bpc157-pack.svg",,,,,,,,,0,Size / Scale,"5mg, 10mg",1,1,Package Configuration,"1 Vial, 3 Vials (10% Off), 5 Vials (15% Off), 10 Vials Kit (25% Off)",1,1
6,variable,PP-TB500,TB-500 (Thymosin Beta-4 Active Fragment),1,1,visible,Synthetic bioactive fragment of Thymosin Beta-4 (Ac-LKKTETQ). Primary research reagent for actin filament polymerization assays. Purity: ≥99.5%.,<h3>Product Specification</h3><p><strong>TB-500</strong> corresponds to amino acids 17-23 of human Thymosin Beta-4.</p><ul><li><strong>CAS Number:</strong> 77591-33-4</li><li><strong>Molecular Weight:</strong> 4963.5 g/mol</li><li><strong>Purity:</strong> ≥99.5%</li></ul>,,,taxable,,1,95,0,0,0.25,3.0,1.5,1.5,1,Research order confirmed. Analytical HPLC/MS batch report and cold-chain tracking dispatched.,44.00,58.00,Healing & Tissue Recovery,"TB-500, Thymosin Beta-4, actin sequestering, cellular migration, cardiac tissue",cold-chain-freight,"wp-content/themes/phoenics-theme/assets/images/products/tb500-vial.svg, wp-content/themes/phoenics-theme/assets/images/products/tb500-coa.svg, wp-content/themes/phoenics-theme/assets/images/products/tb500-pack.svg",,,,,,,,,0,Size / Scale,"5mg, 10mg",1,1,Package Configuration,"1 Vial, 3 Vials (10% Off), 5 Vials (15% Off), 10 Vials Kit (25% Off)",1,1
7,variable,PP-GHKCU,GHK-Cu (Copper Tripeptide-1 Blue Powder),1,0,visible,"High-affinity Glycyl-L-Histidyl-L-Lysine chelated with Cu2+ ion. Induces collagen, elastin, and glycosaminoglycan synthesis in fibroblast cultures. Purity: ≥99.6%.",<h3>Product Specification</h3><p><strong>GHK-Cu</strong> is a bioactive copper complex widely used in dermatological and wound healing investigations.</p><ul><li><strong>CAS Number:</strong> 49557-75-7</li><li><strong>Purity:</strong> ≥99.6%</li></ul>,,,taxable,,1,95,0,0,0.25,3.0,1.5,1.5,1,Research order confirmed. Analytical HPLC/MS batch report and cold-chain tracking dispatched.,32.00,42.00,Healing & Tissue Recovery,"GHK-Cu, copper peptide, collagen synthesis, fibroblast, dermal remodeling",cold-chain-freight,"wp-content/themes/phoenics-theme/assets/images/products/ghkcu-vial.svg, wp-content/themes/phoenics-theme/assets/images/products/ghkcu-coa.svg, wp-content/themes/phoenics-theme/assets/images/products/ghkcu-pack.svg",,,,,,,,,0,Size / Scale,"50mg, 100mg",1,1,Package Configuration,"1 Vial, 3 Vials (10% Off), 5 Vials (15% Off)",1,1
8,variable,PP-CJCIPAM,CJC-1295 + Ipamorelin Synergistic Blend (5mg + 5mg),1,0,visible,Co-lyophilized synergistic research blend containing 5mg CJC-1295 (No DAC) + 5mg Ipamorelin. Dual pituitary receptor activation without prolactin/cortisol rise. Purity: ≥99.3%.,<h3>Product Specification</h3><p>Combines a selective GHRH analog with a selective ghrelin/GHS-R agonist.</p><ul><li><strong>Ratio:</strong> 5mg Mod GRF 1-29 / 5mg Ipamorelin</li><li><strong>Purity:</strong> ≥99.3%</li></ul>,,,taxable,,1,95,0,0,0.25,3.0,1.5,1.5,1,Research order confirmed. Analytical HPLC/MS batch report and cold-chain tracking dispatched.,64.00,85.00,Growth Hormone Secretagogues,"CJC-1295, Ipamorelin, dual synergy, GHRH, GHRP, pulsatile release",cold-chain-freight,"wp-content/themes/phoenics-theme/assets/images/products/cjcipam-vial.svg, wp-content/themes/phoenics-theme/assets/images/products/cjcipam-coa.svg, wp-content/themes/phoenics-theme/assets/images/products/cjcipam-pack.svg",,,,,,,,,0,Size / Scale,10mg Total (5mg/5mg),1,1,Package Configuration,"1 Vial, 3 Vials (10% Off), 5 Vials (15% Off), 10 Vials Kit (25% Off)",1,1
9,variable,PP-TESA,Tesamorelin Trans-3-Hexenoyl GHRH,1,0,visible,Stabilized GHRH derivative with trans-3-hexenoic acid moiety. Benchmark peptide for investigations into visceral adipocyte reduction. Purity: ≥99.2%.,<h3>Product Specification</h3><p><strong>Tesamorelin</strong> is a synthetic peptide analog of growth hormone-releasing factor.</p><ul><li><strong>CAS Number:</strong> 218949-48-5</li><li><strong>Purity:</strong> ≥99.2%</li></ul>,,,taxable,,1,95,0,0,0.25,3.0,1.5,1.5,1,Research order confirmed. Analytical HPLC/MS batch report and cold-chain tracking dispatched.,59.00,78.00,Growth Hormone Secretagogues,"Tesamorelin, visceral fat, lipodystrophy, GHRH, metabolic composition",cold-chain-freight,"wp-content/themes/phoenics-theme/assets/images/products/tesamorelin-vial.svg, wp-content/themes/phoenics-theme/assets/images/products/tesamorelin-coa.svg, wp-content/themes/phoenics-theme/assets/images/products/tesamorelin-pack.svg",,,,,,,,,0,Size / Scale,"2mg, 5mg, 10mg",1,1,Package Configuration,"1 Vial, 3 Vials (10% Off), 5 Vials (15% Off)",1,1
10,variable,PP-MK677,MK-677 (Ibutamoren Mesylate),1,0,visible,Potent orally bioavailable non-peptide ghrelin receptor agonist. Sustained induction of serum GH and IGF-1 secretion in vitro. Purity: ≥99.5%.,<h3>Product Specification</h3><p><strong>MK-677</strong> stimulates pituitary secretagogue receptor-1a.</p><ul><li><strong>CAS Number:</strong> 159752-10-0</li><li><strong>Purity:</strong> ≥99.5%</li></ul>,,,taxable,,1,95,0,0,0.25,3.0,1.5,1.5,1,Research order confirmed. Analytical HPLC/MS batch report and cold-chain tracking dispatched.,49.00,65.00,Growth Hormone Secretagogues,"MK-677, Ibutamoren, non-peptide secretagogue, IGF-1, ghrelin mimetic",cold-chain-freight,"wp-content/themes/phoenics-theme/assets/images/products/mk677-vial.svg, wp-content/themes/phoenics-theme/assets/images/products/mk677-coa.svg, wp-content/themes/phoenics-theme/assets/images/products/mk677-pack.svg",,,,,,,,,0,Size / Scale,"30ml Solution (25mg/ml), 60 Capsules (15mg)",1,1,Package Configuration,"1 Unit, 3 Units (10% Off), 5 Units (15% Off)",1,1
11,variable,PP-MOTSC,MOTS-c (Mitochondrial-Derived Peptide),1,0,visible,"16-amino acid peptide encoded in mitochondrial 12S rRNA. Activates AMPK pathway, enhances insulin sensitivity, and promotes cellular longevity. Purity: ≥99.3%.",<h3>Product Specification</h3><p><strong>MOTS-c</strong> targets the folate-methionine cycle to stimulate metabolic reprogramming.</p><ul><li><strong>Sequence:</strong> Met-Arg-Trp-Gln-Glu-Met-Gly-Tyr-Ile-Phe-Tyr-Pro-Arg-Lys-Leu-Arg</li><li><strong>Purity:</strong> ≥99.3%</li></ul>,,,taxable,,1,95,0,0,0.25,3.0,1.5,1.5,1,Research order confirmed. Analytical HPLC/MS batch report and cold-chain tracking dispatched.,56.00,75.00,Longevity & Mitochondrial,"MOTS-c, mitochondrial peptide, metabolic flexibility, AMPK activation, endurance",cold-chain-freight,"wp-content/themes/phoenics-theme/assets/images/products/motsc-vial.svg, wp-content/themes/phoenics-theme/assets/images/products/motsc-coa.svg, wp-content/themes/phoenics-theme/assets/images/products/motsc-pack.svg",,,,,,,,,0,Size / Scale,"5mg, 10mg",1,1,Package Configuration,"1 Vial, 3 Vials (10% Off), 5 Vials (15% Off)",1,1
12,variable,PP-EPITH,Epithalon (Epitalon Pineal Tetra-peptide),1,0,visible,Synthetic pineal-derived peptide (Ala-Glu-Asp-Gly). Heavily cited for induction of telomerase activity and restoration of circadian melatonin rhythms. Purity: ≥99.4%.,<h3>Product Specification</h3><p><strong>Epithalon</strong> stimulates elongation of chromosomal telomeres in human somatic cell assays.</p><ul><li><strong>CAS Number:</strong> 307297-39-8</li><li><strong>Purity:</strong> ≥99.4%</li></ul>,,,taxable,,1,95,0,0,0.25,3.0,1.5,1.5,1,Research order confirmed. Analytical HPLC/MS batch report and cold-chain tracking dispatched.,45.00,60.00,Longevity & Mitochondrial,"Epithalon, Epitalon, telomerase, pineal, anti-senescence, biological clock",cold-chain-freight,"wp-content/themes/phoenics-theme/assets/images/products/epithalon-vial.svg, wp-content/themes/phoenics-theme/assets/images/products/epithalon-coa.svg, wp-content/themes/phoenics-theme/assets/images/products/epithalon-pack.svg",,,,,,,,,0,Size / Scale,"10mg, 20mg, 50mg",1,1,Package Configuration,"1 Vial, 3 Vials (10% Off), 5 Vials (15% Off), 10 Vials Kit (25% Off)",1,1
13,variable,PP-SEMAX,Semax Synthetic ACTH (4-10) Fragment,1,0,visible,Heptapeptide analog of ACTH(4-10) with C-terminal Pro-Gly-Pro. Stimulates rapid BDNF and NGF expression in hippocampal and cortical neurons. Purity: ≥99.5%.,<h3>Product Specification</h3><p><strong>Semax</strong> is an advanced neuroactive peptide studied for ischemic stroke and cognitive support.</p><ul><li><strong>CAS Number:</strong> 80714-61-0</li><li><strong>Purity:</strong> ≥99.5%</li></ul>,,,taxable,,1,95,0,0,0.25,3.0,1.5,1.5,1,Research order confirmed. Analytical HPLC/MS batch report and cold-chain tracking dispatched.,42.00,55.00,Neuroscience & Nootropic,"Semax, ACTH fragment, BDNF, TrkB receptor, nootropic, neuroprotection",cold-chain-freight,"wp-content/themes/phoenics-theme/assets/images/products/semax-vial.svg, wp-content/themes/phoenics-theme/assets/images/products/semax-coa.svg, wp-content/themes/phoenics-theme/assets/images/products/semax-pack.svg",,,,,,,,,0,Size / Scale,"30mg, 60mg",1,1,Package Configuration,"1 Vial, 3 Vials (10% Off), 5 Vials (15% Off)",1,1
14,variable,PP-SELANK,Selank Heptapeptide Anxiolytic Ligand,1,0,visible,Synthetic Tuftsin hexapeptide derivative. Modulates enkephalin degradation enzymes and GABAergic neurotransmission without sedative side effects. Purity: ≥99.6%.,<h3>Product Specification</h3><p><strong>Selank</strong> exhibits potent neuroprotective and immunomodulatory properties.</p><ul><li><strong>CAS Number:</strong> 129954-34-3</li><li><strong>Purity:</strong> ≥99.6%</li></ul>,,,taxable,,1,95,0,0,0.25,3.0,1.5,1.5,1,Research order confirmed. Analytical HPLC/MS batch report and cold-chain tracking dispatched.,34.00,45.00,Neuroscience & Nootropic,"Selank, Tuftsin derivative, GABAergic, anxiolytic, nootropic, immune modulation",cold-chain-freight,"wp-content/themes/phoenics-theme/assets/images/products/selank-vial.svg, wp-content/themes/phoenics-theme/assets/images/products/selank-coa.svg, wp-content/themes/phoenics-theme/assets/images/products/selank-pack.svg",,,,,,,,,0,Size / Scale,"5mg, 10mg",1,1,Package Configuration,"1 Vial, 3 Vials (10% Off), 5 Vials (15% Off)",1,1
15,variable,PP-PT141,PT-141 (Bremelanotide Acetate),1,0,visible,Cyclic heptapeptide melanocortin MC3-R/MC4-R agonist. Acts centrally upon hypothalamic neural receptors. Purity: ≥99.4% (HPLC/MS).,<h3>Product Specification</h3><p><strong>PT-141</strong> is an active cyclic analog of alpha-MSH devoid of peripheral vascular tanning effects.</p><ul><li><strong>CAS Number:</strong> 189745-56-8</li><li><strong>Purity:</strong> ≥99.4%</li></ul>,,,taxable,,1,95,0,0,0.25,3.0,1.5,1.5,1,Research order confirmed. Analytical HPLC/MS batch report and cold-chain tracking dispatched.,47.00,62.00,Receptor & Neuroendocrine,"PT-141, Bremelanotide, MC3R, MC4R, melanocortin agonist, central libido",cold-chain-freight,"wp-content/themes/phoenics-theme/assets/images/products/pt141-vial.svg, wp-content/themes/phoenics-theme/assets/images/products/pt141-coa.svg, wp-content/themes/phoenics-theme/assets/images/products/pt141-pack.svg",,,,,,,,,0,Size / Scale,10mg,1,1,Package Configuration,"1 Vial, 3 Vials (10% Off), 5 Vials (15% Off), 10 Vials Kit (25% Off)",1,1
16,variable,PP-LIB-384,"Custom Peptide Scanning & Epitope Mapping Library (384 Peptides, 96-Well Format)",1,1,visible,"High-throughput academic & pharmaceutical peptide library. 384 distinct synthetic peptides arrayed in 96-well microtiter plates. Tailored overlapping sequences, alanine-scanning, or random combinatorial arrays for receptor profiling. Purity: ≥95.0% verified per well.","<h3>Institutional Master Specification</h3><p>Designed for major university laboratories, pharmaceutical drug development, and high-throughput antibody epitope mapping. Synthesized via robotic multiplexed solid-phase synthesizers.</p><ul><li><strong>Format:</strong> 4x 96-Well Microtiter Plates (Dry Lyophilized 1mg to 5mg/well)</li><li><strong>Scale:</strong> 384 Distinct Defined Sequences (up to 20 amino acids each)</li><li><strong>Quality Control:</strong> 100% Electrospray MS Mass Validation & RP-HPLC Profile</li><li><strong>Documentation:</strong> Comprehensive 2D Plate Map, Sequence Manifest CSV, and Certificate of Analysis Package</li><li><strong>Fulfillment:</strong> Shipped in Insulated Dry-Ice Freight Container</li></ul><p><em>Notice: Academic Purchase Orders (Net 30) and Institutional Wire Transfers Accepted. Contact our synthesis director for sequence uploads.</em></p>",,,taxable,,1,95,0,0,5.0,3.0,1.5,1.5,1,Research order confirmed. Analytical HPLC/MS batch report and cold-chain tracking dispatched.,23450.00,27500.00,Institutional & Custom Synthesis,"peptide library, high throughput screening, epitope mapping, 384 peptides, pharma discovery, custom synthesis",cold-chain-freight,"wp-content/themes/phoenics-theme/assets/images/products/library384-vial.svg, wp-content/themes/phoenics-theme/assets/images/products/library384-coa.svg, wp-content/themes/phoenics-theme/assets/images/products/library384-pack.svg",,,,,,,,,0,Size / Scale,"384-Peptide Array (1mg/well), 384-Peptide Array (5mg/well)",1,1,Package Configuration,Complete Library Master Set,1,1
17,variable,PP-BULK-10G,Bulk cGMP-Grade Peptide Synthesis Lot (10 Grams Lyophilized Lot),1,1,visible,"Large-scale bulk synthesis lot (10,000 mg) of selected catalog or custom research peptide sequence. Manufactured under stringent cleanroom protocols with complete batch validation documentation for preclinical pharmaceutical assays.","<h3>Institutional Bulk Reagent Specification</h3><p>Provides research institutes and clinical trial sponsors with single-lot consistency across large preclinical cohorts.</p><ul><li><strong>Quantity:</strong> 10.0 Grams (10,000 mg) Lyophilized Cake</li><li><strong>Purity:</strong> ≥98.5% (Analytical RP-HPLC)</li><li><strong>Residual Solvent & TFA:</strong> &lt;1.0% with optional acetate salt conversion</li><li><strong>Endotoxin Level:</strong> &lt;5.0 EU/mg guaranteed</li></ul>",,,taxable,,1,95,0,0,5.0,3.0,1.5,1.5,1,Research order confirmed. Analytical HPLC/MS batch report and cold-chain tracking dispatched.,14900.00,18500.00,Institutional & Custom Synthesis,"bulk synthesis, 10 grams, cGMP grade, API reference, institutional procurement",cold-chain-freight,"wp-content/themes/phoenics-theme/assets/images/products/bulk10g-vial.svg, wp-content/themes/phoenics-theme/assets/images/products/bulk10g-coa.svg, wp-content/themes/phoenics-theme/assets/images/products/bulk10g-pack.svg",,,,,,,,,0,Size / Scale,"10 Grams (10,000mg)",1,1,Package Configuration,Single Certified Master Lot,1,1
18,variable,PP-EPITOPE-KIT,Kinase Profiling & Phosphorylation Target Master Suite (96 Peptides),1,1,visible,High-density kinase substrate screening suite. 96 synthetic peptide sequences containing phosphorylated and non-phosphorylated tyrosine/serine/threonine motifs for high-throughput enzymatic kinetic assays.,<h3>Institutional Suite Specification</h3><p>Enables systematic mapping of kinase inhibitor selectivity and catalytic binding affinities across 96 defined peptide targets.</p><ul><li><strong>Format:</strong> 96-Well Microplate Array</li><li><strong>Purity:</strong> ≥95%</li></ul>,,,taxable,,1,95,0,0,5.0,3.0,1.5,1.5,1,Research order confirmed. Analytical HPLC/MS batch report and cold-chain tracking dispatched.,9450.00,11800.00,Institutional & Custom Synthesis,"kinase profiling, phosphorylation, 96 peptides, screening kit, enzymatic assays",cold-chain-freight,"wp-content/themes/phoenics-theme/assets/images/products/kinase96-vial.svg, wp-content/themes/phoenics-theme/assets/images/products/kinase96-coa.svg, wp-content/themes/phoenics-theme/assets/images/products/kinase96-pack.svg",,,,,,,,,0,Size / Scale,96-Peptide Suite,1,1,Package Configuration,1 Complete Assay Suite,1,1
